,bias,slag,flyash,water,coarseaggregate,fineaggregate,age
0,1.0,0.0,0.5153846153846153,0.34984025559105425,0.5970930232558138,0.7824887104867033,0.07417582417582418
1,1.0,0.0,0.0,0.49680511182108633,0.7616279069767442,0.474159558454591,0.016483516483516484
2,1.0,0.5912632164718977,0.0,0.2707667731629393,0.14854651162790722,0.7185148018063219,0.005494505494505494
3,1.0,0.0528658875904285,0.7230769230769231,0.25718849840255587,0.4098837209302326,0.5193176116407427,0.005494505494505494
4,1.0,0.528658875904285,0.7589743589743589,0.4568690095846646,0.10755813953488369,0.3687907676869042,0.07417582417582418
5,1.0,0.0,0.8512820512820513,0.464856230031949,0.4651162790697674,0.5293527345709987,0.07417582417582418
6,1.0,0.0,0.6061538461538462,0.5862619808306708,0.660174418604651,0.4104365278474662,0.005494505494505494
7,1.0,0.0,0.5066666666666666,0.28993610223642174,0.5430232558139534,0.7400903161063723,0.271978021978022
8,1.0,0.0,0.6066666666666667,0.5886581469648562,0.6639534883720932,0.4129453085800301,0.07417582417582418
9,1.0,0.52031163049527,0.0,0.5527156549520766,0.06686046511627897,0.40893125940792774,0.07417582417582418
10,1.0,0.0,0.0,0.560702875399361,0.3261627906976745,0.7558956347215251,0.07417582417582418
11,1.0,0.0528658875904285,0.49743589743589745,0.18530351437699677,0.4825581395348837,0.6949322629202206,0.07417582417582418
12,1.0,0.1171396772398442,0.8400000000000001,0.0,0.7491279069767445,0.46688409433015554,0.15109890109890112
13,1.0,0.0,0.9487179487179487,0.3610223642172523,0.7936046511627906,0.2107375815353738,0.07417582417582418
14,1.0,0.0,0.0,0.560702875399361,0.49127906976744207,0.6422478675363774,0.9862637362637363
15,1.0,0.0,0.0,0.19329073482428116,0.2761627906976747,0.7576517812343202,0.07417582417582418
16,1.0,0.5258764607679466,0.0,0.34424920127795544,0.417732558139535,0.4059207225288508,0.24725274725274726
17,1.0,0.0,0.9338461538461538,0.47603833865814704,0.11017441860465116,0.7282990466633217,0.07417582417582418
18,1.0,0.35754034501947696,0.6774358974358974,0.42571884984025554,0.5953488372093023,0.38283993978926256,0.07417582417582418
19,1.0,0.0,0.5738461538461539,0.5,0.5552325581395348,0.556698444555946,0.07417582417582418
20,1.0,0.030606566499721762,0.7230769230769231,0.6725239616613419,0.4098837209302326,0.5193176116407427,0.005494505494505494
21,1.0,0.0,0.8933333333333333,0.2619808306709266,0.7305232558139534,0.4553437029603613,0.03571428571428572
22,1.0,0.030606566499721762,0.7230769230769231,0.6725239616613419,0.4098837209302326,0.5193176116407427,0.15109890109890112
23,1.0,0.2643294379521425,0.0,0.8482428115015974,0.3808139534883721,0.0,0.07417582417582418
24,1.0,0.5258764607679466,0.0,0.34424920127795544,0.417732558139535,0.4059207225288508,0.15109890109890112
25,1.0,0.4034501947690596,0.5794871794871795,0.4528753993610224,0.5840116279069769,0.23758153537380844,0.07417582417582418
26,1.0,0.0,0.5774358974358974,0.38418530351437696,0.3613372093023255,0.4739086803813346,0.07417582417582418
27,1.0,0.0,0.6415384615384615,0.17172523961661357,0.8308139534883718,0.5190667335674861,0.005494505494505494
28,1.0,0.0,0.0,0.560702875399361,0.25813953488372077,0.8805820371299549,0.24450549450549453
29,1.0,0.25987757373400117,0.8200000000000001,0.40335463258785964,0.5994186046511629,0.38283993978926256,0.07417582417582418
30,1.0,0.0,0.0,0.5047923322683707,0.9011627906976742,0.4766683391871551,0.07417582417582418
31,1.0,0.659432387312187,0.0,0.41693290734824284,0.7790697674418605,0.20321123933768193,0.07417582417582418
32,1.0,0.0,0.6364102564102564,0.2931309904153354,0.8072674418604655,0.5040140491721024,0.03571428571428572
33,1.0,0.0,0.0,0.6006389776357828,0.48546511627906996,0.46914199698946324,1.0
34,1.0,0.37924318308291605,0.5446153846153846,0.4496805111821085,0.4084302325581395,0.4523331660812844,0.07417582417582418
35,1.0,0.0,0.0,0.5103833865814695,0.9029069767441857,0.47742097340692413,0.016483516483516484
36,1.0,0.6399554813578187,0.0,0.6405750798722045,0.07558139534883734,0.6974410436527847,0.07417582417582418
37,1.0,0.44184752365052876,0.0,0.5103833865814695,0.6965116279069767,0.35198193677872536,0.016483516483516484
38,1.0,0.0,0.0,0.40894568690095845,0.941860465116279,0.04766683391871562,0.07417582417582418
39,1.0,0.2559821925431275,0.3641025641025641,1.0,0.1511627906976747,0.25338685398896144,0.07417582417582418
40,1.0,0.0,0.0,0.560702875399361,0.3261627906976745,0.7558956347215251,0.24450549450549453
41,1.0,0.6956037840845855,0.0,0.3690095846645367,0.7209302325581395,0.23582538886101356,0.07417582417582418
42,1.0,0.1171396772398442,0.8400000000000001,0.0,0.7491279069767445,0.46688409433015554,0.271978021978022
43,1.0,0.1391207568169171,0.0,0.6246006389776357,0.9401162790697679,0.048168590065228445,0.07417582417582418
44,1.0,0.0,0.0,0.6485623003194889,0.5029069767441863,0.45408931259407925,0.07417582417582418
45,1.0,0.0,0.6066666666666667,0.5886581469648562,0.6639534883720932,0.4129453085800301,0.15109890109890112
46,1.0,0.0,0.0,0.15974440894568698,0.14854651162790722,0.751881585549423,0.005494505494505494
47,1.0,0.0,0.0,0.15974440894568698,0.14854651162790722,0.751881585549423,0.15109890109890112
48,1.0,0.0,0.49333333333333335,0.36980830670926523,0.465697674418605,0.6798795785248368,0.15109890109890112
49,1.0,0.36143572621035064,0.6594871794871795,0.42891373801916943,0.5968023255813955,0.38283993978926256,0.15109890109890112
50,1.0,0.1519198664440735,0.6348717948717949,0.15175718849840258,0.7985465116279071,0.49849473156046176,0.07417582417582418
51,1.0,0.0,0.0,0.7683706070287539,0.10872093023255802,0.3153537380832916,0.07417582417582418
52,1.0,0.0528658875904285,0.7230769230769231,0.25718849840255587,0.4098837209302326,0.5193176116407427,0.15109890109890112
53,1.0,0.0,0.0,0.8482428115015974,0.3808139534883721,0.19066733567486205,0.4917582417582418
54,1.0,0.3931552587646078,0.0,0.6525559105431309,0.5011627906976743,0.39136979427997987,0.016483516483516484
55,1.0,0.5589872008903729,0.0,0.1829073482428114,0.5918604651162793,0.5260913196186656,0.07417582417582418
56,1.0,0.0,0.0,0.5103833865814695,0.9238372093023255,0.489964877069744,0.07417582417582418
57,1.0,0.0,0.4902564102564102,0.39696485623003186,0.4479651162790699,0.6653286502759659,0.07417582417582418
58,1.0,0.0,0.0,0.48881789137380194,0.8343023255813953,0.5368790767686906,0.07417582417582418
59,1.0,0.377573734001113,0.0,0.5103833865814695,0.8000000000000003,0.41470145509282474,0.016483516483516484
60,1.0,0.0,0.0,0.5367412140575081,0.941860465116279,0.04766683391871562,0.739010989010989
61,1.0,0.06677796327212021,0.40512820512820513,0.3210862619808308,0.4825581395348837,0.29603612644254906,0.005494505494505494
62,1.0,0.0,0.5123076923076924,0.19408945686900947,0.5959302325581395,0.7671851480180629,0.07417582417582418
63,1.0,0.0,0.0,0.5127795527156549,0.9244186046511627,0.489212242849975,0.07417582417582418
64,1.0,0.4095715080690039,0.0,0.5103833865814695,0.7383720930232558,0.3770697441043651,0.016483516483516484
65,1.0,0.0,0.30256410256410254,0.1613418530351438,0.8633720930232558,0.11791269443050689,0.07417582417582418
66,1.0,0.31997774067890933,0.4564102564102564,0.6405750798722045,0.17151162790697683,0.5895634721525338,0.07417582417582418
67,1.0,0.48024485253199783,0.0,0.48003194888178924,0.5372093023255813,0.5589563472152534,0.07417582417582418
68,1.0,0.0,0.0,0.48003194888178924,0.5372093023255813,0.5589563472152534,0.07417582417582418
69,1.0,0.29577072899276574,0.0,0.25319488817891367,0.14854651162790722,0.7353236327145007,0.24725274725274726
70,1.0,0.0,0.0,0.15974440894568698,0.14854651162790722,0.751881585549423,0.07417582417582418
71,1.0,0.8013355592654425,0.0,0.560702875399361,0.37441860465116283,0.30632212744606124,0.005494505494505494
72,1.0,0.3878686700055649,0.5569230769230769,0.5662939297124601,0.2656976744186048,0.46663321625689913,0.07417582417582418
73,1.0,0.3978853644963829,0.5692307692307692,0.3690095846645367,0.3284883720930232,0.14300050175614665,0.07417582417582418
74,1.0,0.6413466889259878,0.0,0.6445686900958467,0.07558139534883734,0.6969392875062719,0.07417582417582418
75,1.0,0.5258764607679466,0.0,0.19249201277955286,0.417732558139535,0.4059207225288508,0.005494505494505494
76,1.0,0.5116861435726211,0.7343589743589743,0.575079872204473,0.22848837209302353,0.26216758655293537,0.07417582417582418
77,1.0,0.5258764607679466,0.0,0.19249201277955286,0.417732558139535,0.4059207225288508,0.24725274725274726
78,1.0,0.1519198664440735,0.6348717948717949,0.15175718849840258,0.7985465116279071,0.49849473156046176,0.271978021978022
79,1.0,0.0,0.6066666666666667,0.5327476038338659,0.6610465116279074,0.4106874059207226,0.005494505494505494
80,1.0,0.4735670562047858,0.6799999999999999,0.5575079872204471,0.038081395348837255,0.5301053687907678,0.07417582417582418
81,1.0,0.0,0.0,0.19329073482428116,0.9273255813953489,0.5168088309081786,0.07417582417582418
82,1.0,0.12576516416249306,0.6256410256410256,0.3865814696485623,0.7511627906976748,0.468389362769694,0.07417582417582418
83,1.0,0.4207011686143573,0.0,0.25638977635782756,0.9688953488372092,0.027596588058203864,0.07417582417582418
84,1.0,0.0,0.49333333333333335,0.36980830670926523,0.465697674418605,0.6798795785248368,0.03571428571428572
85,1.0,0.0,0.5066666666666666,0.19568690095846653,0.5430232558139534,0.7400903161063723,0.07417582417582418
86,1.0,0.330550918196995,0.0,0.4736421725239617,0.14854651162790722,0.47039638735574507,0.15109890109890112
87,1.0,0.0,0.0,0.48083067092651754,0.5377906976744184,0.5594581033617663,0.07417582417582418
88,1.0,0.0,0.5487179487179488,0.7020766773162939,0.22848837209302353,0.3768188660311089,0.07417582417582418
89,1.0,0.2838063439065109,0.0,0.560702875399361,0.2529069767441863,0.8758153537380833,0.005494505494505494
90,1.0,0.4924874791318865,0.0,0.5127795527156549,0.2438953488372091,0.28575012543903666,0.07417582417582418
91,1.0,0.209794101279911,0.8564102564102564,0.33706070287539935,0.5997093023255813,0.4417962870045158,0.15109890109890112
92,1.0,0.29577072899276574,0.0,0.25319488817891367,0.14854651162790722,0.7353236327145007,0.24725274725274726
93,1.0,0.13216471897607124,0.0,0.8482428115015974,0.3808139534883721,0.0,0.07417582417582418
94,1.0,0.44184752365052876,0.0,0.5103833865814695,0.6965116279069767,0.35198193677872536,0.07417582417582418
95,1.0,0.0,0.4851282051282051,0.6078274760383386,0.42441860465116266,0.647767185148018,0.271978021978022
96,1.0,0.0,0.8933333333333333,0.29872204472843444,0.7052325581395347,0.44631209232313096,0.03571428571428572
97,1.0,0.3227601558152477,0.0,0.560702875399361,0.4238372093023255,0.6593075765178125,0.016483516483516484
98,1.0,0.29243183082915974,0.41948717948717945,0.7020766773162939,0.29941860465116266,0.2150025087807328,0.07417582417582418
99,1.0,0.29577072899276574,0.0,0.25319488817891367,0.14854651162790722,0.7353236327145007,0.24725274725274726
100,1.0,0.0528658875904285,0.7230769230769231,0.25718849840255587,0.4098837209302326,0.5193176116407427,0.005494505494505494
101,1.0,0.7295492487479133,0.0,0.42891373801916943,0.714825581395349,0.04465629703963869,0.15109890109890112
102,1.0,0.5912632164718977,0.0,0.2707667731629393,0.14854651162790722,0.7185148018063219,0.24725274725274726
103,1.0,0.2643294379521425,0.0,0.8482428115015974,0.3808139534883721,0.0,1.0
104,1.0,0.0,0.0,0.5127795527156549,0.47965116279069786,0.4239839438033117,0.005494505494505494
105,1.0,0.04173622704507513,0.7230769230769231,0.4568690095846646,0.1191860465116279,0.5193176116407427,0.07417582417582418
106,1.0,0.5342237061769617,0.0,0.560702875399361,0.3808139534883721,0.3105870546914198,0.07417582417582418
107,1.0,0.29577072899276574,0.0,0.23642172523961658,0.3924418604651163,0.5260913196186656,0.005494505494505494
108,1.0,0.6566499721758488,0.0,0.560702875399361,0.3906976744186048,0.46964375313597606,0.005494505494505494
109,1.0,0.34112409571508073,0.0,0.6525559105431309,0.4598837209302329,0.5168088309081786,0.24450549450549453
110,1.0,0.27295492487479134,0.12564102564102564,0.4784345047923322,0.7703488372093026,0.48043151028600106,0.271978021978022
111,1.0,0.3260990539788537,0.0,0.12779552715654963,0.14854651162790722,0.6184144505770195,0.15109890109890112
112,1.0,0.0,0.0,0.6485623003194889,0.5029069767441863,0.5168088309081786,0.4917582417582418
113,1.0,0.27295492487479134,0.12564102564102564,0.4784345047923322,0.7703488372093026,0.48043151028600106,0.005494505494505494
114,1.0,0.0,0.8374358974358975,0.4369009584664536,0.7488372093023252,0.46688409433015554,0.03571428571428572
115,1.0,0.0,0.642051282051282,0.32028753993610226,0.8345930232558136,0.5233316608128449,0.005494505494505494
116,1.0,0.45186421814134675,0.0,0.6525559105431309,0.3988372093023256,0.6397390868038133,0.005494505494505494
117,1.0,0.5258764607679466,0.0,0.34424920127795544,0.417732558139535,0.4059207225288508,0.07417582417582418
118,1.0,0.5194769059543685,0.0,0.42971246006389774,0.5482558139534883,0.4889613647767186,0.07417582417582418
119,1.0,0.0,0.6066666666666667,0.5678913738019169,0.7052325581395347,0.40215755143000487,0.15109890109890112
120,1.0,0.8013355592654425,0.0,0.560702875399361,0.37441860465116283,0.30632212744606124,0.24450549450549453
121,1.0,0.36143572621035064,0.6594871794871795,0.42891373801916943,0.5968023255813955,0.38283993978926256,0.03571428571428572
122,1.0,0.0,0.4958974358974359,0.5391373801916934,0.4828488372093025,0.6931761164074259,0.03571428571428572
123,1.0,0.13216471897607124,0.0,0.8482428115015974,0.3808139534883721,0.0,1.0
124,1.0,0.0,0.0,0.5127795527156549,0.6889534883720931,0.41144004014049185,0.07417582417582418
125,1.0,0.4207011686143573,0.0,0.25638977635782756,0.9688953488372092,0.027596588058203864,0.016483516483516484
126,1.0,0.0,0.0,0.5527156549520766,0.48546511627906996,0.6573005519317612,0.9862637362637363
127,1.0,0.0,0.0,0.8482428115015974,0.3808139534883721,0.0,1.0
128,1.0,0.03784084585420145,0.8841025641025642,0.2795527156549522,0.5968023255813955,0.6583040642247868,0.15109890109890112
129,1.0,0.0,0.0,0.5103833865814695,0.7796511627906977,0.40215755143000487,0.07417582417582418
130,1.0,0.2810239287701725,0.4,0.3929712460063899,0.3924418604651163,0.4239839438033117,0.07417582417582418
131,1.0,0.36143572621035064,0.6594871794871795,0.42891373801916943,0.5968023255813955,0.38283993978926256,0.07417582417582418
132,1.0,0.0,0.0,0.8482428115015974,0.3808139534883721,0.19066733567486205,1.0
133,1.0,0.0,0.0,0.560702875399361,0.49127906976744207,0.6422478675363774,0.016483516483516484
134,1.0,0.05564830272676684,0.48205128205128206,0.28115015974440905,0.3982558139534884,0.6297039638735573,0.15109890109890112
135,1.0,0.0,0.0,0.560702875399361,0.3924418604651163,0.3186151530356247,0.005494505494505494
136,1.0,0.0,0.9174358974358975,0.6381789137380192,0.06686046511627897,0.6891620672353238,0.07417582417582418
137,1.0,0.4257095158597663,0.9948717948717949,0.560702875399361,0.3895348837209305,0.07275464124435538,0.07417582417582418
138,1.0,0.4718976071229828,0.0,0.5838658146964857,0.029069767441860517,0.5225790265930759,0.07417582417582418
139,1.0,0.0,0.6225641025641026,0.3011182108626198,0.7343023255813952,0.4603612644254893,0.271978021978022
140,1.0,0.528658875904285,0.0,0.8482428115015974,0.3808139534883721,0.19066733567486205,0.4917582417582418
141,1.0,0.0,0.0,0.34504792332268375,0.6656976744186047,0.37882589061716,0.07417582417582418
142,1.0,0.0,0.0,0.560702875399361,0.3930232558139535,0.2965378825890619,0.24450549450549453
143,1.0,0.39732888146911527,0.5702564102564103,0.3674121405750801,0.3281976744186048,0.14350225790265947,0.07417582417582418
144,1.0,0.48135781858653315,0.0,0.560702875399361,0.3162790697674418,0.7473657802308076,0.24450549450549453
145,1.0,0.6588759042849194,0.0,0.415335463258786,0.779941860465116,0.2027094831911691,0.07417582417582418
146,1.0,0.0,0.64,0.2971246006389776,0.8267441860465121,0.5155544405418968,0.005494505494505494
147,1.0,0.0,0.9502564102564103,0.35862619808306695,0.7950581395348837,0.2107375815353738,0.07417582417582418
148,1.0,0.0,0.0,0.560702875399361,0.3924418604651163,0.3186151530356247,0.07417582417582418
149,1.0,0.8013355592654425,0.0,0.560702875399361,0.37441860465116283,0.30632212744606124,0.016483516483516484
150,1.0,0.0,0.6066666666666667,0.5678913738019169,0.7052325581395347,0.40215755143000487,0.07417582417582418
151,1.0,0.5564830272676684,0.0,0.5447284345047922,1.0,0.1655795283492223,0.07417582417582418
152,1.0,0.0,0.0,0.560702875399361,0.37848837209302344,0.6236828901154039,0.005494505494505494
153,1.0,0.05564830272676684,0.48205128205128206,0.28115015974440905,0.3982558139534884,0.6297039638735573,0.15109890109890112
154,1.0,0.2643294379521425,0.0,0.8482428115015974,0.3808139534883721,0.0,0.24450549450549453
155,1.0,0.0,0.0,0.6246006389776357,0.941860465116279,0.04766683391871562,0.0
156,1.0,0.04173622704507513,0.7230769230769231,0.4568690095846646,0.1191860465116279,0.5193176116407427,0.15109890109890112
157,1.0,0.5862548692264886,0.0,0.5103833865814695,0.5116279069767442,0.23908680381334668,0.016483516483516484
158,1.0,0.06677796327212021,0.40512820512820513,0.3210862619808308,0.4825581395348837,0.29603612644254906,0.016483516483516484
159,1.0,0.1496939343350028,0.6251282051282051,0.26996805111821076,0.6200581395348834,0.4681384846964376,0.15109890109890112
160,1.0,0.5258764607679466,0.0,0.34424920127795544,0.417732558139535,0.4059207225288508,0.005494505494505494
161,1.0,0.31719532554257096,0.0,0.8482428115015974,0.3808139534883721,0.19066733567486205,0.739010989010989
162,1.0,0.06677796327212021,0.40512820512820513,0.3210862619808308,0.4825581395348837,0.29603612644254906,0.15109890109890112
163,1.0,0.0,0.6235897435897435,0.41693290734824284,0.7424418604651164,0.4628700451580532,0.15109890109890112
164,1.0,0.0,0.8564102564102564,0.3817891373801916,0.7401162790697673,0.4611138986452583,0.03571428571428572
165,1.0,0.1519198664440735,0.6348717948717949,0.15175718849840258,0.7985465116279071,0.49849473156046176,0.03571428571428572
166,1.0,0.27212020033388984,0.12564102564102564,0.31070287539936103,0.7578488372093024,0.4729051680883092,0.005494505494505494
167,1.0,0.0,0.0,0.5527156549520766,0.48546511627906996,0.6573005519317612,0.03571428571428572
168,1.0,0.0,0.6066666666666667,0.5327476038338659,0.6610465116279074,0.4106874059207226,0.271978021978022
169,1.0,0.13216471897607124,0.0,0.8482428115015974,0.3808139534883721,0.0,0.739010989010989
170,1.0,0.5258764607679466,0.0,0.34424920127795544,0.417732558139535,0.4059207225288508,0.24725274725274726
171,1.0,0.1496939343350028,0.6251282051282051,0.26996805111821076,0.6200581395348834,0.4681384846964376,0.271978021978022
172,1.0,0.0528658875904285,0.7230769230769231,0.25718849840255587,0.4098837209302326,0.5193176116407427,0.016483516483516484
173,1.0,0.0,0.0,0.5127795527156549,0.7238372093023258,0.4415454089312594,0.016483516483516484
174,1.0,0.0,0.8374358974358975,0.4369009584664536,0.7488372093023252,0.46688409433015554,0.271978021978022
175,1.0,0.0,0.0,0.6006389776357828,0.48546511627906996,0.46914199698946324,0.016483516483516484
176,1.0,0.0,0.0,0.5127795527156549,0.47965116279069786,0.4239839438033117,0.016483516483516484
177,1.0,0.2838063439065109,0.0,0.560702875399361,0.2529069767441863,0.8758153537380833,0.24450549450549453
178,1.0,0.0,0.0,0.5103833865814695,0.8441860465116284,0.4397892624184645,0.07417582417582418
179,1.0,0.05564830272676684,0.48205128205128206,0.28115015974440905,0.3982558139534884,0.6297039638735573,0.07417582417582418
180,1.0,0.25987757373400117,0.8200000000000001,0.40335463258785964,0.5994186046511629,0.38283993978926256,0.271978021978022
181,1.0,0.4841402337228715,0.9487179487179487,0.8482428115015974,0.12790697674418627,0.045158053186151514,0.07417582417582418
182,1.0,0.0,0.0,0.49680511182108633,0.7965116279069768,0.5042649272453588,0.07417582417582418
183,1.0,0.4207011686143573,0.0,0.25638977635782756,0.9688953488372092,0.027596588058203864,0.24725274725274726
184,1.0,0.48135781858653315,0.0,0.560702875399361,0.3162790697674418,0.7473657802308076,0.07417582417582418
185,1.0,0.6961602671118531,0.0,0.6525559105431309,0.507558139534884,0.24736578023080802,0.07417582417582418
186,1.0,0.0,0.0,0.5527156549520766,0.48546511627906996,0.6573005519317612,0.005494505494505494
187,1.0,0.0,0.5153846153846153,0.3865814696485623,0.5726744186046511,0.7722027094831911,0.15109890109890112
188,1.0,0.0,0.0,0.560702875399361,0.3261627906976745,0.7558956347215251,0.016483516483516484
189,1.0,0.048970506399554824,0.8102564102564103,0.5367412140575081,0.4825581395348837,0.09784244856999513,0.07417582417582418
190,1.0,0.7295492487479133,0.0,0.42891373801916943,0.714825581395349,0.04465629703963869,0.24725274725274726
191,1.0,0.0,0.48256410256410254,0.5183706070287539,0.43284883720930223,0.6347215253386855,0.271978021978022
192,1.0,0.6566499721758488,0.0,0.560702875399361,0.3906976744186048,0.46964375313597606,0.07417582417582418
193,1.0,0.4507512520868114,0.6461538461538462,0.40095846645367406,0.35465116279069786,0.4264927245358756,0.07417582417582418
194,1.0,0.39732888146911527,0.0,0.3682108626198084,0.32936046511627914,0.5268439538384346,0.07417582417582418
195,1.0,0.0,0.0,0.7412140575079871,0.5886627906976742,0.42247867536377326,0.03571428571428572
196,1.0,0.209794101279911,0.8564102564102564,0.33706070287539935,0.5997093023255813,0.4417962870045158,0.005494505494505494
197,1.0,0.2609905397885365,0.0,0.03833865814696491,0.14854651162790722,1.0000000000000002,0.005494505494505494
198,1.0,0.3728436282693378,0.0,0.584664536741214,0.3575581395348837,0.4164576016056196,0.07417582417582418
199,1.0,0.5258764607679466,0.0,0.19249201277955286,0.417732558139535,0.4059207225288508,0.016483516483516484
200,1.0,0.07234279354479689,0.6307692307692307,0.6325878594249201,0.06104651162790686,0.2634219769192172,0.07417582417582418
201,1.0,0.5383973288814692,0.0,0.5103833865814695,0.5732558139534887,0.2767185148018063,0.07417582417582418
202,1.0,0.5258764607679466,0.0,0.34424920127795544,0.417732558139535,0.4059207225288508,0.016483516483516484
203,1.0,0.0,0.5153846153846153,0.3865814696485623,0.5726744186046511,0.7722027094831911,0.005494505494505494
204,1.0,0.4924874791318865,0.0,0.5127795527156549,0.2438953488372091,0.28575012543903666,0.005494505494505494
205,1.0,0.2799109627156372,0.4020512820512821,0.389776357827476,0.3915697674418608,0.4237330657300551,0.07417582417582418
206,1.0,0.47301057317751816,0.6820512820512821,0.560702875399361,0.03779069767441845,0.5293527345709987,0.07417582417582418
207,1.0,0.0,0.0,0.48881789137380194,0.8343023255813953,0.5368790767686906,0.016483516483516484
208,1.0,0.4257095158597663,0.0,0.560702875399361,0.25,0.873055694932263,0.016483516483516484
209,1.0,0.3683917640511965,0.0,0.560702875399361,0.5156976744186048,0.5807827395885601,0.07417582417582418
210,1.0,0.0,0.0,0.3210862619808308,0.0,0.5218263923733064,0.07417582417582418
211,1.0,0.47384529771841966,0.0,0.5103833865814695,0.655813953488372,0.3268941294530858,0.016483516483516484
212,1.0,0.6608235948803562,0.0,0.8482428115015974,0.3808139534883721,0.0,1.0
213,1.0,0.330550918196995,0.0,0.4736421725239617,0.14854651162790722,0.47039638735574507,0.24725274725274726
214,1.0,0.0,0.8933333333333333,0.29872204472843444,0.7052325581395347,0.44631209232313096,0.005494505494505494
215,1.0,0.0,0.0,0.560702875399361,0.5145348837209305,0.5795283492222778,0.24450549450549453
216,1.0,0.25987757373400117,0.8200000000000001,0.40335463258785964,0.5994186046511629,0.38283993978926256,0.03571428571428572
217,1.0,0.45687256538675575,0.0,0.5487220447284344,0.20058139534883734,0.45158053186151537,0.07417582417582418
218,1.0,0.2838063439065109,0.0,0.560702875399361,0.2529069767441863,0.8758153537380833,0.016483516483516484
219,1.0,0.0,0.0,0.560702875399361,0.7412790697674421,0.5393878575012543,0.005494505494505494
220,1.0,0.0,0.5148717948717949,0.29952076677316297,0.6011627906976744,0.7767185148018065,0.15109890109890112
221,1.0,0.0,0.6225641025641026,0.3011182108626198,0.7343023255813952,0.4603612644254893,0.03571428571428572
222,1.0,0.0,0.0,0.8482428115015974,0.3808139534883721,0.19066733567486205,0.24450549450549453
223,1.0,0.45186421814134675,0.0,0.6525559105431309,0.3988372093023256,0.6397390868038133,0.07417582417582418
224,1.0,0.0,0.5066666666666666,0.19568690095846653,0.5430232558139534,0.7400903161063723,0.005494505494505494
225,1.0,0.0,0.0,0.560702875399361,0.7151162790697674,0.5318615153035624,0.07417582417582418
226,1.0,0.0,0.8374358974358975,0.4369009584664536,0.7488372093023252,0.46688409433015554,0.15109890109890112
227,1.0,0.5258764607679466,0.0,0.34424920127795544,0.417732558139535,0.4059207225288508,0.24725274725274726
228,1.0,0.3260990539788537,0.0,0.12779552715654963,0.14854651162790722,0.6184144505770195,0.016483516483516484
229,1.0,0.04173622704507513,0.7230769230769231,0.4568690095846646,0.1191860465116279,0.5193176116407427,0.016483516483516484
230,1.0,0.5826377295492489,0.0,0.560702875399361,0.7151162790697674,0.5341194179628699,0.005494505494505494
231,1.0,0.27212020033388984,0.12564102564102564,0.31070287539936103,0.7578488372093024,0.4729051680883092,0.07417582417582418
232,1.0,0.34112409571508073,0.0,0.6525559105431309,0.4598837209302329,0.5168088309081786,0.016483516483516484
233,1.0,0.44796883695047307,0.0,0.4488817891373802,0.33720930232558155,0.41394882087305573,0.07417582417582418
234,1.0,0.0,0.6025641025641025,0.4233226837060704,0.644767441860465,0.4001505268439538,0.03571428571428572
235,1.0,0.0,0.6066666666666667,0.5678913738019169,0.7052325581395347,0.40215755143000487,0.03571428571428572
236,1.0,0.0,0.0,0.5103833865814695,0.7796511627906977,0.40215755143000487,0.016483516483516484
237,1.0,0.7234279354479689,0.0,0.48881789137380194,0.16860465116279055,0.584545910687406,0.07417582417582418
238,1.0,0.0,0.6430769230769231,0.3218849840255591,0.8401162790697674,0.5268439538384346,0.271978021978022
239,1.0,0.0,0.0,0.5127795527156549,0.9244186046511627,0.489212242849975,0.016483516483516484
240,1.0,0.5264329437952143,0.0,0.3857827476038338,0.3636627906976746,0.40817862518815873,0.016483516483516484
241,1.0,0.8795214245965499,0.0,0.5103833865814695,0.5116279069767442,0.23908680381334668,0.07417582417582418
242,1.0,0.528658875904285,0.0,0.8482428115015974,0.3808139534883721,0.19066733567486205,0.07417582417582418
243,1.0,0.5116861435726211,0.0,0.6525559105431309,0.4569767441860466,0.5170597089814353,0.24450549450549453
244,1.0,0.0,0.8564102564102564,0.3817891373801916,0.7401162790697673,0.4611138986452583,0.005494505494505494
245,1.0,0.38953811908736785,0.0,0.7364217252396166,0.2732558139534884,0.3211239337681886,0.07417582417582418
246,1.0,0.3611574846967168,0.6082051282051282,0.46405750798722045,0.5997093023255813,0.38334169593577516,0.07417582417582418
247,1.0,0.7868670005564832,0.0,0.4952076677316295,0.4119186046511629,0.16532865027596588,0.15109890109890112
248,1.0,0.330550918196995,0.0,0.4736421725239617,0.14854651162790722,0.47039638735574507,0.005494505494505494
249,1.0,0.0,0.0,0.6485623003194889,0.5029069767441863,0.45408931259407925,0.24450549450549453
250,1.0,0.35754034501947696,0.6774358974358974,0.42571884984025554,0.5953488372093023,0.38283993978926256,0.15109890109890112
251,1.0,0.0,0.4958974358974359,0.5391373801916934,0.4828488372093025,0.6931761164074259,0.271978021978022
252,1.0,0.0,0.6235897435897435,0.41693290734824284,0.7424418604651164,0.4628700451580532,0.07417582417582418
253,1.0,0.27295492487479134,0.12564102564102564,0.4784345047923322,0.7703488372093026,0.48043151028600106,0.07417582417582418
254,1.0,0.05564830272676684,0.48205128205128206,0.28115015974440905,0.3982558139534884,0.6297039638735573,0.07417582417582418
255,1.0,1.0,0.0,0.5103833865814695,0.4087209302325583,0.1763672854992473,0.07417582417582418
256,1.0,0.7295492487479133,0.0,0.42891373801916943,0.714825581395349,0.04465629703963869,0.07417582417582418
257,1.0,0.5230940456316083,0.7487179487179487,0.6485623003194889,0.08139534883720945,0.29101856497742107,0.07417582417582418
258,1.0,0.061213132999443524,0.676923076923077,0.3690095846645367,0.06104651162790686,0.39136979427997987,0.005494505494505494
259,1.0,0.8074568725653868,0.0,0.5103833865814695,0.5732558139534887,0.2767185148018063,0.016483516483516484
260,1.0,0.0,0.0,0.19329073482428116,0.2761627906976747,0.7576517812343202,0.016483516483516484
261,1.0,0.29577072899276574,0.0,0.25319488817891367,0.14854651162790722,0.7353236327145007,0.07417582417582418
262,1.0,0.5264329437952143,0.0,0.3857827476038338,0.3636627906976746,0.40817862518815873,0.07417582417582418
263,1.0,0.06677796327212021,0.40512820512820513,0.3210862619808308,0.4825581395348837,0.29603612644254906,0.07417582417582418
264,1.0,0.0,0.0,0.560702875399361,0.6133720930232558,0.5920722528850979,0.07417582417582418
265,1.0,0.3683917640511965,0.0,0.560702875399361,0.5156976744186048,0.5807827395885601,0.005494505494505494
266,1.0,0.4641068447412355,0.0,0.6525559105431309,0.5133720930232557,0.25112895132965396,0.005494505494505494
267,1.0,0.4034501947690596,0.5794871794871795,0.4528753993610224,0.19244186046511658,0.5770195684897141,0.07417582417582418
268,1.0,0.0,0.6364102564102564,0.2931309904153354,0.8072674418604655,0.5040140491721024,0.005494505494505494
269,1.0,0.0,0.64,0.2971246006389776,0.8267441860465121,0.5155544405418968,0.271978021978022
270,1.0,0.0,0.0,0.560702875399361,0.7151162790697674,0.5341194179628699,0.005494505494505494
271,1.0,0.0,0.8933333333333333,0.2619808306709266,0.7305232558139534,0.4553437029603613,0.005494505494505494
272,1.0,0.0,0.5153846153846153,0.34984025559105425,0.5970930232558138,0.7824887104867033,0.03571428571428572
273,1.0,0.0,0.0,0.15974440894568698,0.14854651162790722,0.751881585549423,0.016483516483516484
274,1.0,0.3227601558152477,0.46153846153846156,0.464856230031949,0.20058139534883734,0.4365278474661316,0.07417582417582418
275,1.0,0.0,0.0,0.560702875399361,0.6133720930232558,0.5920722528850979,0.005494505494505494
276,1.0,0.0,0.0,0.5127795527156549,0.47965116279069786,0.4239839438033117,0.07417582417582418
277,1.0,0.0,0.5148717948717949,0.3003194888178915,0.5895348837209302,0.7772202709483189,0.271978021978022
278,1.0,0.0,0.5153846153846153,0.3865814696485623,0.5726744186046511,0.7722027094831911,0.07417582417582418
279,1.0,0.5116861435726211,0.0,0.6525559105431309,0.4569767441860466,0.5170597089814353,0.005494505494505494
280,1.0,0.0,0.4994871794871795,0.3099041533546325,0.5026162790697675,0.706472654290015,0.005494505494505494
281,1.0,0.0,0.0,0.5686900958466454,0.48546511627906996,0.7300551931761163,0.016483516483516484
282,1.0,0.5230940456316083,0.7507692307692307,0.6501597444089455,0.08052325581395348,0.29026593075765184,0.07417582417582418
283,1.0,0.29577072899276574,0.0,0.25319488817891367,0.14854651162790722,0.7353236327145007,0.15109890109890112
284,1.0,0.27017250973845297,0.0,0.2883386581469649,0.14854651162790722,0.8321625689914705,0.07417582417582418
285,1.0,0.0,0.0,0.5367412140575081,0.941860465116279,0.04766683391871562,0.03571428571428572
286,1.0,0.46188091263216474,0.0,0.41693290734824284,0.23546511627906996,0.4917210235825389,0.07417582417582418
287,1.0,0.3964941569282137,0.0,0.8482428115015974,0.3808139534883721,0.0,0.4917582417582418
288,1.0,0.0,0.8933333333333333,0.2619808306709266,0.7305232558139534,0.4553437029603613,0.271978021978022
289,1.0,0.0,0.7323076923076923,0.5710862619808308,0.7162790697674422,0.2576517812343202,0.07417582417582418
290,1.0,0.29577072899276574,0.0,0.23642172523961658,0.3924418604651163,0.5260913196186656,0.15109890109890112
291,1.0,0.0,0.6066666666666667,0.5678913738019169,0.7052325581395347,0.40215755143000487,0.271978021978022
292,1.0,0.43405676126878134,0.0,0.5367412140575081,0.5232558139534884,0.4164576016056196,0.07417582417582418
293,1.0,0.0,0.5066666666666666,0.28993610223642174,0.5430232558139534,0.7400903161063723,0.03571428571428572
294,1.0,0.0,0.0,0.8482428115015974,0.3808139534883721,0.0,0.4917582417582418
295,1.0,0.0,0.9435897435897436,0.3610223642172523,0.5523255813953489,0.44656297039638737,0.07417582417582418
296,1.0,0.6566499721758488,0.0,0.4313099041533548,0.13313953488372077,0.7493728048168593,0.07417582417582418
297,1.0,0.0,0.5128205128205128,0.5926517571884984,0.4593023255813953,0.2784746613146012,0.07417582417582418
298,1.0,0.35754034501947696,0.6774358974358974,0.42571884984025554,0.5953488372093023,0.38283993978926256,0.005494505494505494
299,1.0,0.0,0.0,0.560702875399361,0.3930232558139535,0.2965378825890619,0.07417582417582418
300,1.0,0.4034501947690596,0.0,0.4488817891373802,0.19186046511627897,0.5770195684897141,0.07417582417582418
301,1.0,0.0,0.0,0.8482428115015974,0.3808139534883721,0.0,0.24450549450549453
302,1.0,0.5258764607679466,0.0,0.34424920127795544,0.417732558139535,0.4059207225288508,0.24725274725274726
303,1.0,0.0,0.48256410256410254,0.5183706070287539,0.43284883720930223,0.6347215253386855,0.03571428571428572
304,1.0,0.0,0.5794871794871795,0.4528753993610224,0.5840116279069769,0.23758153537380844,0.07417582417582418
305,1.0,0.45186421814134675,0.0,0.6525559105431309,0.3988372093023256,0.6397390868038133,0.016483516483516484
306,1.0,0.0,0.0,0.560702875399361,0.5145348837209305,0.5795283492222778,0.016483516483516484
307,1.0,0.3283249860879244,0.4717948717948718,0.48881789137380194,0.44186046511627897,0.46663321625689913,0.07417582417582418
308,1.0,0.4207011686143573,0.0,0.25638977635782756,0.9688953488372092,0.027596588058203864,0.15109890109890112
309,1.0,0.0,0.8564102564102564,0.3817891373801916,0.7401162790697673,0.4611138986452583,0.15109890109890112
310,1.0,0.0,0.0,0.47284345047923315,0.9069767441860463,0.5995985950827898,0.07417582417582418
311,1.0,0.0,0.0,0.5103833865814695,0.8825581395348836,0.47742097340692413,0.07417582417582418
312,1.0,0.0,0.0,0.5127795527156549,0.9011627906976742,0.4766683391871551,0.016483516483516484
313,1.0,0.105731775180857,0.0,0.8482428115015974,0.3808139534883721,0.19066733567486205,1.0
314,1.0,0.5912632164718977,0.0,0.2707667731629393,0.14854651162790722,0.7185148018063219,0.07417582417582418
315,1.0,0.0,0.5066666666666666,0.28993610223642174,0.5430232558139534,0.7400903161063723,0.15109890109890112
316,1.0,0.0,0.5148717948717949,0.29952076677316297,0.6011627906976744,0.7767185148018065,0.03571428571428572
317,1.0,0.0,0.8969230769230769,0.2923322683706071,0.4119186046511629,0.6284495735072755,0.07417582417582418
318,1.0,0.0,0.7712820512820513,0.4776357827476039,0.6462209302325581,0.33843452082288006,0.07417582417582418
319,1.0,0.0,0.4851282051282051,0.6078274760383386,0.42441860465116266,0.647767185148018,0.03571428571428572
320,1.0,0.5258764607679466,0.0,0.4241214057507987,0.417732558139535,0.4059207225288508,0.016483516483516484
321,1.0,0.0,0.0,0.5127795527156549,0.7238372093023258,0.4415454089312594,0.07417582417582418
322,1.0,0.0,0.0,0.5766773162939298,0.48546511627906996,0.7300551931761163,0.03571428571428572
323,1.0,0.4924874791318865,0.0,0.5127795527156549,0.2438953488372091,0.28575012543903666,0.24725274725274726
324,1.0,0.0,0.49333333333333335,0.36980830670926523,0.465697674418605,0.6798795785248368,0.07417582417582418
325,1.0,0.0,0.0,0.560702875399361,0.7151162790697674,0.5318615153035624,0.24450549450549453
326,1.0,0.0,0.0,0.5127795527156549,0.6947674418604652,0.35122930255895635,0.07417582417582418
327,1.0,0.0,0.0,0.40894568690095845,0.941860465116279,0.04766683391871562,0.24450549450549453
328,1.0,0.5898720089037285,0.0,0.6525559105431309,0.49651162790697656,0.3876066231811339,0.24450549450549453
329,1.0,0.0,0.0,0.560702875399361,0.7151162790697674,0.5318615153035624,0.9862637362637363
330,1.0,0.030606566499721762,0.7230769230769231,0.6725239616613419,0.4098837209302326,0.5193176116407427,0.016483516483516484
331,1.0,0.0,0.6364102564102564,0.2931309904153354,0.8072674418604655,0.5040140491721024,0.15109890109890112
332,1.0,0.13216471897607124,0.0,0.8482428115015974,0.3808139534883721,0.0,0.016483516483516484
333,1.0,0.36894824707846413,0.5297435897435897,0.6269968051118211,0.3343023255813953,0.3998996487706974,0.07417582417582418
334,1.0,0.5258764607679466,0.0,0.34424920127795544,0.417732558139535,0.4059207225288508,0.15109890109890112
335,1.0,0.33305509181969956,0.0,0.37140575079872207,0.4924418604651164,0.5022579026593077,0.07417582417582418
336,1.0,0.0,0.0,0.15974440894568698,0.14854651162790722,0.751881585549423,0.24725274725274726
337,1.0,0.5826377295492489,0.0,0.560702875399361,0.7151162790697674,0.5341194179628699,0.24450549450549453
338,1.0,0.061213132999443524,0.676923076923077,0.4488817891373802,0.06104651162790686,0.39136979427997987,0.15109890109890112
339,1.0,0.6608235948803562,0.0,0.8482428115015974,0.3808139534883721,0.0,0.016483516483516484
340,1.0,0.0,0.7261538461538461,0.5710862619808308,0.0011627906976743319,0.4626191670847968,0.07417582417582418
341,1.0,0.0,0.5794871794871795,0.4488817891373802,0.5843023255813953,0.23833416959357745,0.07417582417582418
342,1.0,0.030606566499721762,0.7230769230769231,0.6725239616613419,0.4098837209302326,0.5193176116407427,0.07417582417582418
343,1.0,0.48135781858653315,0.0,0.560702875399361,0.3162790697674418,0.7473657802308076,0.016483516483516484
344,1.0,0.06677796327212021,0.40512820512820513,0.3210862619808308,0.4825581395348837,0.29603612644254906,0.016483516483516484
345,1.0,0.0,0.6066666666666667,0.5327476038338659,0.6610465116279074,0.4106874059207226,0.271978021978022
346,1.0,0.30884808013355597,0.441025641025641,0.584664536741214,0.09302325581395365,0.4917210235825389,0.07417582417582418
347,1.0,0.1171396772398442,0.8400000000000001,0.0,0.7491279069767445,0.46688409433015554,0.03571428571428572
348,1.0,0.2643294379521425,0.0,0.8482428115015974,0.3808139534883721,0.0,0.739010989010989
349,1.0,0.0,0.0,0.560702875399361,0.49127906976744207,0.6422478675363774,0.4917582417582418
350,1.0,0.4955481357818587,0.7112820512820512,0.3650159744408945,0.4156976744186047,0.2523833416959358,0.07417582417582418
351,1.0,0.27295492487479134,0.12564102564102564,0.4784345047923322,0.769767441860465,0.48018063221274465,0.005494505494505494
352,1.0,0.3964941569282137,0.0,0.8482428115015974,0.3808139534883721,0.0,0.24450549450549453
353,1.0,0.5342237061769617,0.0,0.560702875399361,0.3808139534883721,0.3105870546914198,0.005494505494505494
354,1.0,0.6775180856983862,0.0,0.46725239616613434,0.6424418604651163,0.2601605619668843,0.07417582417582418
355,1.0,0.0,0.0,0.7412140575079871,0.5886627906976742,0.42247867536377326,0.005494505494505494
356,1.0,0.0,0.5153846153846153,0.3865814696485623,0.5726744186046511,0.7722027094831911,0.271978021978022
357,1.0,0.0,0.5487179487179488,0.5159744408945688,0.2267441860465116,0.5549422980431513,0.07417582417582418
358,1.0,0.4034501947690596,0.5794871794871795,0.4488817891373802,0.19186046511627897,0.5770195684897141,0.07417582417582418
359,1.0,0.0,0.0,0.560702875399361,0.7412790697674421,0.5393878575012543,0.24450549450549453
360,1.0,0.0,0.0,0.40894568690095845,0.941860465116279,0.04766683391871562,0.739010989010989
361,1.0,0.0,0.5153846153846153,0.34984025559105425,0.5970930232558138,0.7824887104867033,0.005494505494505494
362,1.0,0.30884808013355597,0.441025641025641,0.584664536741214,0.2732558139534884,0.34872052182639246,0.07417582417582418
363,1.0,0.0,0.6871794871794872,0.47284345047923315,0.5174418604651163,0.5469141996989462,0.07417582417582418
364,1.0,0.07234279354479689,0.6307692307692307,0.7044728434504792,0.23546511627906996,0.2634219769192172,0.15109890109890112
365,1.0,0.3352810239287702,0.4815384615384616,0.5255591054313098,0.300581395348837,0.2556447566482689,0.07417582417582418
366,1.0,0.0,0.5487179487179488,0.7044728434504792,0.22965116279069786,0.3763171098845961,0.07417582417582418
367,1.0,0.377573734001113,0.0,0.5103833865814695,0.8000000000000003,0.41470145509282474,0.07417582417582418
368,1.0,0.0,0.6487179487179487,0.7020766773162939,0.17296511627906996,0.3577521324636228,0.07417582417582418
369,1.0,0.4257095158597663,0.0,0.560702875399361,0.25,0.873055694932263,0.07417582417582418
370,1.0,0.5264329437952143,0.0,0.3857827476038338,0.3636627906976746,0.40817862518815873,0.24725274725274726
371,1.0,0.0,0.0,0.560702875399361,0.7412790697674421,0.5393878575012543,0.016483516483516484
372,1.0,0.5258764607679466,0.0,0.34424920127795544,0.417732558139535,0.4059207225288508,0.15109890109890112
373,1.0,0.5662214802448526,0.0,0.6525559105431309,0.4779069767441859,0.09282488710486714,0.24450549450549453
374,1.0,0.0,0.0,0.560702875399361,0.6511627906976742,0.5694932262920223,0.326923076923077
375,1.0,0.0,0.0,0.560702875399361,0.5145348837209305,0.5795283492222778,0.07417582417582418
376,1.0,0.5258764607679466,0.0,0.34424920127795544,0.417732558139535,0.4059207225288508,0.016483516483516484
377,1.0,0.1171396772398442,0.8400000000000001,0.0,0.7491279069767445,0.46688409433015554,0.07417582417582418
378,1.0,0.5116861435726211,0.0,0.6525559105431309,0.4569767441860466,0.5170597089814353,0.016483516483516484
379,1.0,0.29577072899276574,0.0,0.25319488817891367,0.14854651162790722,0.7353236327145007,0.016483516483516484
380,1.0,0.3611574846967168,0.6082051282051282,0.46405750798722045,0.5997093023255813,0.38334169593577516,0.03571428571428572
381,1.0,0.0,0.7364102564102564,0.3354632587859425,0.5947674418604652,0.7699448068238837,0.03571428571428572
382,1.0,0.0,0.0,0.560702875399361,0.8255813953488373,0.4290015052684395,0.016483516483516484
383,1.0,0.0,0.0,0.5103833865814695,0.8825581395348836,0.47742097340692413,0.016483516483516484
384,1.0,0.0,0.0,0.560702875399361,0.49127906976744207,0.6422478675363774,0.07417582417582418
385,1.0,0.3227601558152477,0.0,0.560702875399361,0.4238372093023255,0.6593075765178125,0.005494505494505494
386,1.0,0.29577072899276574,0.0,0.23642172523961658,0.3924418604651163,0.5260913196186656,0.07417582417582418
387,1.0,0.211463550361714,0.0,0.8482428115015974,0.3808139534883721,0.19066733567486205,0.24450549450549453
388,1.0,0.263494713411241,0.0,0.20447284345047922,0.4238372093023255,0.6475163070747618,0.15109890109890112
389,1.0,0.3311074012242627,0.0,0.305111821086262,0.7558139534883721,0.1580531861515304,0.07417582417582418
390,1.0,0.0,0.7323076923076923,0.5710862619808308,0.2215116279069771,0.6866532865027597,0.07417582417582418
391,1.0,0.0,0.6235897435897435,0.46725239616613434,0.7459302325581394,0.46487706974410425,0.15109890109890112
392,1.0,0.5662214802448526,0.0,0.6525559105431309,0.4779069767441859,0.09282488710486714,0.016483516483516484
393,1.0,0.545353366722315,0.5025641025641026,0.6166134185303513,0.13372093023255838,0.474159558454591,0.07417582417582418
394,1.0,0.0,0.0,0.6485623003194889,0.5029069767441863,0.5594581033617663,0.03571428571428572
395,1.0,0.31719532554257096,0.0,0.8482428115015974,0.3808139534883721,0.19066733567486205,0.07417582417582418
396,1.0,0.3720089037284363,0.0,0.5838658146964857,0.3578488372093025,0.41670847967887625,0.07417582417582418
397,1.0,0.6608235948803562,0.0,0.8482428115015974,0.3808139534883721,0.0,0.07417582417582418
398,1.0,0.25987757373400117,0.8200000000000001,0.40335463258785964,0.5994186046511629,0.38283993978926256,0.15109890109890112
399,1.0,0.34112409571508073,0.0,0.6525559105431309,0.4598837209302329,0.5168088309081786,0.005494505494505494
400,1.0,0.0,0.4907692307692308,0.5239616613418532,0.4531976744186048,0.6703462117410941,0.271978021978022
401,1.0,0.0,0.49333333333333335,0.36980830670926523,0.465697674418605,0.6798795785248368,0.271978021978022
402,1.0,0.0,0.0,0.5047923322683707,0.7790697674418605,0.40140491721023586,0.07417582417582418
403,1.0,0.9518642181413468,0.0,0.5103833865814695,0.44999999999999973,0.20145509282488705,0.07417582417582418
404,1.0,0.0,0.0,0.5686900958466454,0.48546511627906996,0.5469141996989462,0.005494505494505494
405,1.0,0.0,0.0,0.5127795527156549,0.6947674418604652,0.35122930255895635,0.016483516483516484
406,1.0,0.0,0.0,0.6246006389776357,0.941860465116279,0.04766683391871562,0.07417582417582418
407,1.0,0.0,0.5148717948717949,0.3003194888178915,0.5895348837209302,0.7772202709483189,0.15109890109890112
408,1.0,0.0,0.0,0.5686900958466454,0.48546511627906996,0.7300551931761163,1.0
409,1.0,0.11741791875347804,0.6374358974358975,0.2915335463258788,0.8133720930232555,0.5072754641244357,0.15109890109890112
410,1.0,0.0,0.642051282051282,0.35782747603833864,0.808139534883721,0.5140491721023583,0.005494505494505494
411,1.0,0.5912632164718977,0.0,0.2707667731629393,0.14854651162790722,0.7185148018063219,0.15109890109890112
412,1.0,0.0,0.0,0.5367412140575081,0.941860465116279,0.04766683391871562,0.24450549450549453
413,1.0,0.0,0.0,0.5207667731629393,0.6511627906976742,0.37882589061716,0.016483516483516484
414,1.0,0.45353366722314975,0.6564102564102564,0.6006389776357828,0.4651162790697674,0.11791269443050689,0.07417582417582418
415,1.0,0.0,0.0,0.560702875399361,0.405813953488372,0.4806823883592575,0.016483516483516484
416,1.0,0.0,0.0,0.6485623003194889,0.5029069767441863,0.5168088309081786,0.07417582417582418
417,1.0,0.05564830272676684,0.48205128205128206,0.28115015974440905,0.3982558139534884,0.6297039638735573,0.005494505494505494
418,1.0,0.4641068447412355,0.0,0.6525559105431309,0.5133720930232557,0.25112895132965396,0.07417582417582418
419,1.0,0.27017250973845297,0.0,0.2883386581469649,0.14854651162790722,0.8321625689914705,0.15109890109890112
420,1.0,0.29577072899276574,0.0,0.25319488817891367,0.14854651162790722,0.7353236327145007,0.15109890109890112
421,1.0,0.0,0.0,0.40894568690095845,0.941860465116279,0.04766683391871562,0.016483516483516484
422,1.0,0.40428491930996113,0.5805128205128205,0.45607028753993606,0.19796511627906987,0.24134470647265438,0.07417582417582418
423,1.0,0.0,0.0,0.560702875399361,0.7151162790697674,0.5318615153035624,0.005494505494505494
424,1.0,0.45186421814134675,0.0,0.6525559105431309,0.3988372093023256,0.6397390868038133,0.24450549450549453
425,1.0,0.0,0.8958974358974359,0.2635782747603834,0.7340116279069768,0.4576016056196688,0.271978021978022
426,1.0,0.13939899833055094,0.8897435897435897,0.3434504792332269,0.5965116279069771,0.5005017561465128,0.271978021978022
427,1.0,0.0,0.5066666666666666,0.19568690095846653,0.5430232558139534,0.7400903161063723,0.03571428571428572
428,1.0,0.0,0.4958974358974359,0.5391373801916934,0.4828488372093025,0.6931761164074259,0.07417582417582418
429,1.0,0.29577072899276574,0.0,0.25319488817891367,0.14854651162790722,0.7353236327145007,0.07417582417582418
430,1.0,0.4034501947690596,0.0,0.4488817891373802,0.5784883720930232,0.5720020070245859,0.07417582417582418
431,1.0,0.0,0.0,0.5766773162939298,0.48546511627906996,0.7300551931761163,0.24450549450549453
432,1.0,0.2609905397885365,0.0,0.03833865814696491,0.14854651162790722,1.0000000000000002,0.15109890109890112
433,1.0,0.46355036171396774,0.665128205128205,0.41293929712460065,0.23720930232558146,0.479929754139488,0.07417582417582418
434,1.0,0.0,0.0,0.5686900958466454,0.48546511627906996,0.7300551931761163,0.4917582417582418
435,1.0,0.0,0.6066666666666667,0.5327476038338659,0.6610465116279074,0.4106874059207226,0.005494505494505494
436,1.0,0.12576516416249306,0.6256410256410256,0.3865814696485623,0.7511627906976748,0.468389362769694,0.271978021978022
437,1.0,0.5008347245409016,0.48717948717948717,0.2971246006389776,0.17151162790697683,0.5168088309081786,0.07417582417582418
438,1.0,0.3260990539788537,0.0,0.12779552715654963,0.14854651162790722,0.6184144505770195,0.07417582417582418
439,1.0,0.5258764607679466,0.0,0.4241214057507987,0.417732558139535,0.4059207225288508,0.24725274725274726
440,1.0,0.0,0.6430769230769231,0.3218849840255591,0.8401162790697674,0.5268439538384346,0.15109890109890112
441,1.0,0.209794101279911,0.8564102564102564,0.33706070287539935,0.5997093023255813,0.4417962870045158,0.07417582417582418
442,1.0,0.0,0.48256410256410254,0.5183706070287539,0.43284883720930223,0.6347215253386855,0.07417582417582418
443,1.0,0.0,0.4907692307692308,0.5591054313099042,0.4299418604651164,0.6603110888108381,0.005494505494505494
444,1.0,0.0,0.0,0.5047923322683707,0.7151162790697674,0.3637732062217762,0.07417582417582418
445,1.0,0.0,0.0,0.6246006389776357,0.941860465116279,0.04766683391871562,0.24450549450549453
446,1.0,0.4465776293823039,0.0,0.4456869009584665,0.3360465116279072,0.4152032112393378,0.07417582417582418
447,1.0,0.0,0.0,0.40894568690095845,0.941860465116279,0.04766683391871562,0.005494505494505494
448,1.0,0.5759599332220368,0.882051282051282,0.7523961661341854,0.06104651162790686,0.11038635223281479,0.07417582417582418
449,1.0,0.5258764607679466,0.0,0.34424920127795544,0.417732558139535,0.4059207225288508,0.07417582417582418
450,1.0,0.0,0.0,0.5127795527156549,0.6889534883720931,0.41144004014049185,0.016483516483516484
451,1.0,0.528658875904285,0.0,0.32907348242811496,0.6686046511627906,0.22829904666332168,0.07417582417582418
452,1.0,0.255147468002226,0.36666666666666664,0.9992012779552717,0.15087209302325588,0.25439036628198686,0.07417582417582418
453,1.0,0.0,0.0,0.5047923322683707,0.9011627906976742,0.4766683391871551,0.07417582417582418
454,1.0,0.0,0.0,0.560702875399361,0.7412790697674421,0.5393878575012543,0.326923076923077
455,1.0,0.0,0.7005128205128205,0.28993610223642174,0.5837209302325581,0.5923231309583545,0.07417582417582418
456,1.0,0.0,0.8374358974358975,0.4369009584664536,0.7488372093023252,0.46688409433015554,0.005494505494505494
457,1.0,0.0,0.0,0.48083067092651754,0.8691860465116279,0.5669844455594582,0.016483516483516484
458,1.0,0.4026154702281581,0.0,0.4496805111821085,0.5776162790697676,0.5725037631710992,0.07417582417582418
459,1.0,0.0,0.0,0.560702875399361,0.8255813953488373,0.4290015052684395,0.24450549450549453
460,1.0,0.0,0.7076923076923077,0.6166134185303513,0.0,0.4967385850476669,0.07417582417582418
461,1.0,0.327212020033389,0.4702564102564103,0.48801916932907363,0.4430232558139533,0.46738585047666836,0.07417582417582418
462,1.0,0.0,0.0,0.5686900958466454,0.48546511627906996,0.5469141996989462,0.07417582417582418
463,1.0,0.2782415136338342,0.4,0.6325878594249201,0.18313953488372103,0.41896638233818373,0.07417582417582418
464,1.0,0.27545909849749584,0.39487179487179486,0.5367412140575081,0.34302325581395365,0.388861013547416,0.07417582417582418
465,1.0,0.0,0.0,0.5047923322683707,0.3459302325581395,0.3161063723030608,0.07417582417582418
466,1.0,0.061213132999443524,0.676923076923077,0.3690095846645367,0.06104651162790686,0.39136979427997987,0.07417582417582418
467,1.0,0.0,0.5487179487179488,0.5127795527156549,0.2267441860465116,0.554440541896638,0.07417582417582418
468,1.0,0.0,0.4907692307692308,0.5591054313099042,0.4299418604651164,0.6603110888108381,0.07417582417582418
469,1.0,0.05564830272676684,0.48205128205128206,0.28115015974440905,0.3982558139534884,0.6297039638735573,0.15109890109890112
470,1.0,0.4924874791318865,0.0,0.5127795527156549,0.2438953488372091,0.28575012543903666,0.016483516483516484
471,1.0,0.3931552587646078,0.0,0.6525559105431309,0.5011627906976743,0.39136979427997987,0.005494505494505494
472,1.0,0.27295492487479134,0.12564102564102564,0.4784345047923322,0.769767441860465,0.48018063221274465,0.15109890109890112
473,1.0,0.5091819699499166,0.0,0.5686900958466454,0.22093023255813948,0.6874059207225287,0.07417582417582418
474,1.0,0.0,0.0,0.5766773162939298,0.48546511627906996,0.7300551931761163,0.07417582417582418
475,1.0,0.4368391764051197,0.0,0.560702875399361,0.49883720930232567,0.3891118916206724,0.016483516483516484
476,1.0,0.0,0.6364102564102564,0.2931309904153354,0.8072674418604655,0.5040140491721024,0.271978021978022
477,1.0,0.6956037840845855,0.0,0.3722044728434506,0.7218023255813955,0.23632714500752638,0.07417582417582418
478,1.0,0.0,0.5487179487179488,0.7923322683706071,0.05232558139534893,0.46161565479177114,0.07417582417582418
479,1.0,0.27295492487479134,0.12564102564102564,0.4784345047923322,0.769767441860465,0.48018063221274465,0.271978021978022
480,1.0,0.0,0.0,0.5367412140575081,0.941860465116279,0.04766683391871562,0.016483516483516484
481,1.0,0.6961602671118531,0.0,0.6525559105431309,0.507558139534884,0.24736578023080802,0.016483516483516484
482,1.0,0.0,0.5123076923076924,0.19408945686900947,0.5959302325581395,0.7671851480180629,0.15109890109890112
483,1.0,0.5898720089037285,0.0,0.6525559105431309,0.49651162790697656,0.3876066231811339,0.07417582417582418
484,1.0,0.03784084585420145,0.8841025641025642,0.2795527156549522,0.5968023255813955,0.6583040642247868,0.005494505494505494
485,1.0,0.23928770172509742,0.9743589743589743,0.7284345047923322,0.35465116279069786,0.07275464124435538,0.07417582417582418
486,1.0,0.3227601558152477,0.0,0.560702875399361,0.4238372093023255,0.6593075765178125,0.24450549450549453
487,1.0,0.27212020033388984,0.12564102564102564,0.31070287539936103,0.7578488372093024,0.4729051680883092,0.271978021978022
488,1.0,0.0,0.5148717948717949,0.29952076677316297,0.6011627906976744,0.7767185148018065,0.271978021978022
489,1.0,0.0,0.0,0.5127795527156549,0.8808139534883721,0.45158053186151537,0.016483516483516484
490,1.0,0.0,0.0,0.464856230031949,0.941860465116279,0.6297039638735573,0.016483516483516484
491,1.0,0.0,0.0,0.49680511182108633,0.7616279069767442,0.474159558454591,0.07417582417582418
492,1.0,0.0,0.6066666666666667,0.5327476038338659,0.6610465116279074,0.4106874059207226,0.15109890109890112
493,1.0,0.0,0.0,0.7412140575079871,0.5886627906976742,0.42247867536377326,0.07417582417582418
494,1.0,0.0,0.0,0.3210862619808308,0.0,0.5218263923733064,0.07417582417582418
495,1.0,0.1171396772398442,0.8400000000000001,0.0,0.7491279069767445,0.46688409433015554,0.005494505494505494
496,1.0,0.0,0.0,0.5463258785942491,0.6168604651162792,0.342197691921726,0.07417582417582418
497,1.0,0.35893155258764614,0.5128205128205128,0.40095846645367406,0.06976744186046524,0.5293527345709987,0.07417582417582418
498,1.0,0.06677796327212021,0.40512820512820513,0.3210862619808308,0.4825581395348837,0.29603612644254906,0.07417582417582418
499,1.0,0.0,0.8958974358974359,0.2635782747603834,0.7340116279069768,0.4576016056196688,0.15109890109890112
500,1.0,0.07234279354479689,0.6307692307692307,0.6325878594249201,0.06104651162790686,0.2634219769192172,0.016483516483516484
501,1.0,0.0,0.0,0.5207667731629393,0.6511627906976742,0.37882589061716,0.07417582417582418
502,1.0,0.0,0.5928205128205128,0.5926517571884984,0.049127906976744296,0.5504264927245359,0.07417582417582418
503,1.0,0.0,0.0,0.6246006389776357,0.941860465116279,0.04766683391871562,0.4917582417582418
504,1.0,0.510294936004452,0.0,0.5710862619808308,0.2215116279069771,0.6866532865027597,0.07417582417582418
505,1.0,0.5848636616583195,0.0,0.590255591054313,0.4313953488372091,0.5050175614651278,0.07417582417582418
506,1.0,0.0,0.0,0.6086261980830672,0.48546511627906996,0.674862017059709,0.4917582417582418
507,1.0,0.0,1.0,0.7843450479233227,0.28197674418604635,0.29854490717511295,0.07417582417582418
508,1.0,0.0,0.8974358974358975,0.2891373801916932,0.41279069767441845,0.6271951831409937,0.07417582417582418
509,1.0,0.8494713411240958,0.0,0.6525559105431309,0.4720930232558138,0.09031610637230303,0.016483516483516484
510,1.0,0.4034501947690596,0.5794871794871795,0.4488817891373802,0.5843023255813953,0.23833416959357745,0.07417582417582418
511,1.0,0.8074568725653868,0.0,0.5103833865814695,0.5732558139534887,0.2767185148018063,0.07417582417582418
512,1.0,0.0,0.9430769230769231,0.35782747603833864,0.5529069767441861,0.4470647265429002,0.07417582417582418
513,1.0,0.5662214802448526,0.0,0.5103833865814695,0.8000000000000003,0.41470145509282474,0.07417582417582418
514,1.0,0.0,0.0,0.5367412140575081,0.941860465116279,0.04766683391871562,0.4917582417582418
515,1.0,0.4207011686143573,0.0,0.25638977635782756,0.9688953488372092,0.027596588058203864,0.005494505494505494
516,1.0,0.0,0.6061538461538462,0.5862619808306708,0.660174418604651,0.4104365278474662,0.15109890109890112
517,1.0,0.8494713411240958,0.0,0.6525559105431309,0.4720930232558138,0.09031610637230303,0.07417582417582418
518,1.0,0.48135781858653315,0.0,0.48083067092651754,0.5377906976744184,0.5594581033617663,0.07417582417582418
519,1.0,0.5258764607679466,0.0,0.19249201277955286,0.417732558139535,0.4059207225288508,0.15109890109890112
520,1.0,0.0528658875904285,0.7230769230769231,0.25718849840255587,0.4098837209302326,0.5193176116407427,0.07417582417582418
521,1.0,0.6608235948803562,0.0,0.8482428115015974,0.3808139534883721,0.0,0.739010989010989
522,1.0,0.0,0.0,0.560702875399361,0.3930232558139535,0.2965378825890619,0.005494505494505494
523,1.0,0.27017250973845297,0.0,0.2883386581469649,0.14854651162790722,0.8321625689914705,0.24725274725274726
524,1.0,0.5116861435726211,0.0,0.6525559105431309,0.4569767441860466,0.5170597089814353,0.07417582417582418
525,1.0,0.5954368391764052,0.841025641025641,0.6405750798722045,0.05523255813953476,0.2157551430005018,0.07417582417582418
526,1.0,0.0,0.46153846153846156,0.6166134185303513,0.3779069767441863,0.4214751630707476,0.07417582417582418
527,1.0,0.3700612131329995,0.5282051282051282,0.6246006389776357,0.3343023255813953,0.39889613647767197,0.07417582417582418
528,1.0,0.44963828603227607,0.6451282051282051,0.3977635782747604,0.35348837209302353,0.42749623682890103,0.07417582417582418
529,1.0,0.0,0.0,0.560702875399361,0.7412790697674421,0.5393878575012543,0.07417582417582418
530,1.0,0.29577072899276574,0.0,0.25319488817891367,0.14854651162790722,0.7353236327145007,0.016483516483516484
531,1.0,0.8795214245965499,0.0,0.5103833865814695,0.5116279069767442,0.23908680381334668,0.016483516483516484
532,1.0,0.0,0.6061538461538462,0.5862619808306708,0.660174418604651,0.4104365278474662,0.03571428571428572
533,1.0,0.0,0.0,0.560702875399361,0.3924418604651163,0.3186151530356247,0.24450549450549453
534,1.0,0.5662214802448526,0.0,0.5103833865814695,0.8000000000000003,0.41470145509282474,0.016483516483516484
535,1.0,0.5342237061769617,0.0,0.560702875399361,0.3808139534883721,0.3105870546914198,0.016483516483516484
536,1.0,0.3611574846967168,0.6082051282051282,0.46405750798722045,0.5997093023255813,0.38334169593577516,0.271978021978022
537,1.0,1.0,0.0,0.5103833865814695,0.4087209302325583,0.1763672854992473,0.016483516483516484
538,1.0,0.5759599332220368,0.8256410256410256,0.4568690095846646,0.19186046511627897,0.35624686402408434,0.07417582417582418
539,1.0,0.0,0.5487179487179488,0.33706070287539935,0.44186046511627897,0.4766683391871551,0.07417582417582418
540,1.0,0.0,0.6235897435897435,0.46725239616613434,0.7459302325581394,0.46487706974410425,0.07417582417582418
541,1.0,0.04869226488592098,0.8358974358974359,0.3610223642172523,0.566860465116279,0.14550928248871053,0.07417582417582418
542,1.0,0.0,0.0,0.6485623003194889,0.5029069767441863,0.5594581033617663,0.4917582417582418
543,1.0,0.3227601558152477,0.6102564102564103,0.49680511182108633,0.09302325581395365,0.7175112895132967,0.07417582417582418
544,1.0,0.0,0.0,0.5127795527156549,0.47965116279069786,0.4239839438033117,0.03571428571428572
545,1.0,0.6566499721758488,0.0,0.43290734824281163,0.13372093023255838,0.7501254390366283,0.07417582417582418
546,1.0,0.0,0.642051282051282,0.32028753993610226,0.8345930232558136,0.5233316608128449,0.15109890109890112
547,1.0,0.3683917640511965,0.0,0.560702875399361,0.5156976744186048,0.5807827395885601,0.9862637362637363
548,1.0,0.0,0.0,0.560702875399361,0.5145348837209305,0.5795283492222778,0.4917582417582418
549,1.0,0.0,0.0,0.48083067092651754,0.8691860465116279,0.5669844455594582,0.07417582417582418
550,1.0,0.52031163049527,1.0,0.5047923322683707,0.28197674418604635,0.10536879076768702,0.07417582417582418
551,1.0,0.0,0.0,0.5527156549520766,0.48546511627906996,0.6573005519317612,0.07417582417582418
552,1.0,0.0,0.0,0.5127795527156549,0.8401162790697674,0.4390366281986955,0.016483516483516484
553,1.0,0.0,0.0,0.560702875399361,0.37848837209302344,0.6236828901154039,0.07417582417582418
554,1.0,0.0,0.0,0.560702875399361,0.6133720930232558,0.5920722528850979,0.326923076923077
555,1.0,0.0,0.9994871794871795,0.7819488817891374,0.2811046511627908,0.29829402910185654,0.07417582417582418
556,1.0,0.5564830272676684,0.0,0.560702875399361,0.3674418604651164,0.6151530356246864,0.24450549450549453
557,1.0,0.330550918196995,0.0,0.4736421725239617,0.14854651162790722,0.47039638735574507,0.016483516483516484
558,1.0,0.0,0.0,0.560702875399361,0.4040697674418605,0.41144004014049185,0.07417582417582418
559,1.0,0.0,0.0,0.560702875399361,0.6511627906976742,0.5694932262920223,0.016483516483516484
560,1.0,0.5862548692264886,0.0,0.5103833865814695,0.5116279069767442,0.23908680381334668,0.07417582417582418
561,1.0,0.0,0.7364102564102564,0.3354632587859425,0.5947674418604652,0.7699448068238837,0.005494505494505494
562,1.0,0.07234279354479689,0.6307692307692307,0.7044728434504792,0.23546511627906996,0.2634219769192172,0.016483516483516484
563,1.0,0.2643294379521425,0.0,0.8482428115015974,0.3808139534883721,0.0,0.4917582417582418
564,1.0,0.3683917640511965,0.0,0.560702875399361,0.5156976744186048,0.5807827395885601,0.4917582417582418
565,1.0,0.0,0.0,0.5047923322683707,0.7790697674418605,0.4390366281986955,0.07417582417582418
566,1.0,0.6649972175848637,0.0,0.6246006389776357,0.5843023255813953,0.2257902659307578,0.07417582417582418
567,1.0,0.0,0.6430769230769231,0.3218849840255591,0.8401162790697674,0.5268439538384346,0.03571428571428572
568,1.0,0.5258764607679466,0.0,0.34424920127795544,0.417732558139535,0.4059207225288508,0.07417582417582418
569,1.0,0.105731775180857,0.0,0.8482428115015974,0.3808139534883721,0.19066733567486205,0.4917582417582418
570,1.0,0.511964385086255,0.7333333333333333,0.5766773162939298,0.22965116279069786,0.2634219769192172,0.07417582417582418
571,1.0,0.27295492487479134,0.12564102564102564,0.4784345047923322,0.769767441860465,0.48018063221274465,0.03571428571428572
572,1.0,0.05564830272676684,0.48205128205128206,0.28115015974440905,0.3982558139534884,0.6297039638735573,0.005494505494505494
573,1.0,0.0,0.0,0.5127795527156549,0.7151162790697674,0.3637732062217762,0.016483516483516484
574,1.0,0.0,0.0,0.7412140575079871,0.5886627906976742,0.42247867536377326,0.271978021978022
575,1.0,0.0,0.8564102564102564,0.3817891373801916,0.7401162790697673,0.4611138986452583,0.271978021978022
576,1.0,0.0,0.6066666666666667,0.5678913738019169,0.7052325581395347,0.40215755143000487,0.005494505494505494
577,1.0,0.4368391764051197,0.0,0.560702875399361,0.49883720930232567,0.3891118916206724,0.005494505494505494
578,1.0,0.04785754034501948,0.8102564102564103,0.3610223642172523,0.4825581395348837,0.09784244856999513,0.07417582417582418
579,1.0,0.0,0.0,0.5103833865814695,0.717441860465116,0.36452584044154523,0.07417582417582418
580,1.0,0.0528658875904285,0.49743589743589745,0.18530351437699677,0.4825581395348837,0.6949322629202206,0.07417582417582418
581,1.0,0.5258764607679466,0.0,0.4241214057507987,0.417732558139535,0.4059207225288508,0.07417582417582418
582,1.0,0.0,0.0,0.560702875399361,0.4941860465116279,0.6437531359759159,0.005494505494505494
583,1.0,0.06677796327212021,0.40512820512820513,0.3210862619808308,0.4825581395348837,0.29603612644254906,0.07417582417582418
584,1.0,0.6566499721758488,0.0,0.560702875399361,0.3906976744186048,0.46964375313597606,0.24450549450549453
585,1.0,0.263494713411241,0.0,0.20447284345047922,0.4238372093023255,0.6475163070747618,0.07417582417582418
586,1.0,0.0,0.6558974358974359,0.48482428115015974,0.20087209302325615,0.4658805820371301,0.07417582417582418
587,1.0,0.04173622704507513,0.7230769230769231,0.4568690095846646,0.1191860465116279,0.5193176116407427,0.005494505494505494
588,1.0,0.41457985531441294,0.5948717948717949,0.42492012779552724,0.44186046511627897,0.3161063723030608,0.07417582417582418
589,1.0,0.35865331107401227,0.5148717948717949,0.40415335463258795,0.07005813953488405,0.5291018564977421,0.07417582417582418
590,1.0,0.31719532554257096,0.0,0.8482428115015974,0.3808139534883721,0.19066733567486205,0.4917582417582418
591,1.0,0.0,0.0,0.560702875399361,0.49127906976744207,0.6422478675363774,0.24450549450549453
592,1.0,0.211463550361714,0.0,0.8482428115015974,0.3808139534883721,0.19066733567486205,0.07417582417582418
593,1.0,0.5589872008903729,0.0,0.1829073482428114,0.5918604651162793,0.5260913196186656,0.15109890109890112
594,1.0,0.105731775180857,0.0,0.8482428115015974,0.3808139534883721,0.19066733567486205,0.24450549450549453
595,1.0,0.05564830272676684,0.48205128205128206,0.28115015974440905,0.3982558139534884,0.6297039638735573,0.016483516483516484
596,1.0,0.0,0.0,0.14536741214057503,0.47965116279069786,0.6497742097340693,0.07417582417582418
597,1.0,0.0,0.4958974358974359,0.5391373801916934,0.4828488372093025,0.6931761164074259,0.15109890109890112
598,1.0,0.0,0.0,0.5127795527156549,0.47965116279069786,0.4239839438033117,0.0
599,1.0,0.0,0.642051282051282,0.32028753993610226,0.8345930232558136,0.5233316608128449,0.07417582417582418
600,1.0,0.0,0.7333333333333333,0.5686900958466454,0.22093023255813948,0.6874059207225287,0.07417582417582418
601,1.0,0.0,0.0,0.560702875399361,0.7151162790697674,0.5318615153035624,0.4917582417582418
602,1.0,0.6608235948803562,0.0,0.8482428115015974,0.3808139534883721,0.0,0.24450549450549453
603,1.0,0.5843071786310519,0.0,0.5926517571884984,0.43023255813953476,0.5042649272453588,0.07417582417582418
604,1.0,0.0,0.6225641025641026,0.3011182108626198,0.7343023255813952,0.4603612644254893,0.15109890109890112
605,1.0,0.0,0.0,0.6246006389776357,0.941860465116279,0.04766683391871562,0.016483516483516484
606,1.0,0.6961602671118531,0.0,0.6525559105431309,0.507558139534884,0.24736578023080802,0.24450549450549453
607,1.0,0.0,0.0,0.560702875399361,0.6133720930232558,0.5920722528850979,0.24450549450549453
608,1.0,0.11741791875347804,0.6374358974358975,0.2915335463258788,0.8133720930232555,0.5072754641244357,0.03571428571428572
609,1.0,0.0,0.4907692307692308,0.5239616613418532,0.4531976744186048,0.6703462117410941,0.07417582417582418
610,1.0,0.0,0.0,0.560702875399361,0.6511627906976742,0.5694932262920223,0.005494505494505494
611,1.0,0.36143572621035064,0.6594871794871795,0.42891373801916943,0.5968023255813955,0.38283993978926256,0.271978021978022
612,1.0,0.0,0.8933333333333333,0.29872204472843444,0.7052325581395347,0.44631209232313096,0.15109890109890112
613,1.0,0.0,0.6235897435897435,0.41693290734824284,0.7424418604651164,0.4628700451580532,0.03571428571428572
614,1.0,0.0,0.0,0.5367412140575081,0.941860465116279,0.04766683391871562,0.005494505494505494
615,1.0,0.45631608235948806,0.6564102564102564,0.9201277955271565,0.19767441860465107,0.15554440541896652,0.07417582417582418
616,1.0,0.0,0.6430769230769231,0.3218849840255591,0.8401162790697674,0.5268439538384346,0.07417582417582418
617,1.0,0.5258764607679466,0.0,0.4241214057507987,0.417732558139535,0.4059207225288508,0.15109890109890112
618,1.0,0.7590428491930997,0.0,0.5103833865814695,0.6145348837209301,0.30180632212744607,0.07417582417582418
619,1.0,0.0,0.0,0.560702875399361,0.6511627906976742,0.5694932262920223,0.24450549450549453
620,1.0,0.0,0.0,0.3210862619808308,0.7063953488372094,0.1705970898143503,0.07417582417582418
621,1.0,0.3700612131329995,0.0,0.560702875399361,0.4779069767441859,0.5323632714500752,0.016483516483516484
622,1.0,0.06677796327212021,0.40512820512820513,0.3210862619808308,0.4825581395348837,0.29603612644254906,0.005494505494505494
623,1.0,0.0,0.0,0.560702875399361,0.5145348837209305,0.5795283492222778,0.005494505494505494
624,1.0,0.263494713411241,0.0,0.20447284345047922,0.4238372093023255,0.6475163070747618,0.016483516483516484
625,1.0,0.0,0.0,0.5103833865814695,0.8441860465116284,0.4397892624184645,0.016483516483516484
626,1.0,0.0,0.0,0.6246006389776357,0.9401162790697679,0.048168590065228445,0.07417582417582418
627,1.0,0.0,0.0,0.3210862619808308,0.7383720930232558,0.2057200200702458,0.07417582417582418
628,1.0,0.0,0.5512820512820513,0.3338658146964857,0.4424418604651166,0.4766683391871551,0.07417582417582418
629,1.0,0.7225932109070674,0.0,0.4904153354632588,0.1680232558139534,0.5840441545408932,0.07417582417582418
630,1.0,0.0,0.0,0.5103833865814695,0.6965116279069767,0.35198193677872536,0.07417582417582418
631,1.0,0.04173622704507513,1.0,0.43290734824281163,0.6395348837209305,0.28850978424485696,0.07417582417582418
632,1.0,0.29577072899276574,0.0,0.25319488817891367,0.14854651162790722,0.7353236327145007,0.005494505494505494
633,1.0,0.0,0.6235897435897435,0.46725239616613434,0.7459302325581394,0.46487706974410425,0.03571428571428572
634,1.0,0.528658875904285,0.0,0.8482428115015974,0.3808139534883721,0.19066733567486205,1.0
635,1.0,0.4034501947690596,0.0,0.4528753993610224,0.19244186046511658,0.5770195684897141,0.07417582417582418
636,1.0,0.0,0.0,0.5127795527156549,0.8808139534883721,0.45158053186151537,0.07417582417582418
637,1.0,0.061213132999443524,0.676923076923077,0.4488817891373802,0.23546511627906996,0.39136979427997987,0.005494505494505494
638,1.0,0.0,0.642051282051282,0.35782747603833864,0.808139534883721,0.5140491721023583,0.03571428571428572
639,1.0,0.0,0.4907692307692308,0.5591054313099042,0.4299418604651164,0.6603110888108381,0.15109890109890112
640,1.0,0.4629938786867001,0.0,0.41693290734824284,0.23430232558139563,0.4917210235825389,0.07417582417582418
641,1.0,0.1496939343350028,0.6251282051282051,0.26996805111821076,0.6200581395348834,0.4681384846964376,0.07417582417582418
642,1.0,0.5258764607679466,0.0,0.34424920127795544,0.417732558139535,0.4059207225288508,0.005494505494505494
643,1.0,0.0,0.6025641025641025,0.4233226837060704,0.644767441860465,0.4001505268439538,0.005494505494505494
644,1.0,0.33388981636060105,0.0,0.3690095846645367,0.49127906976744207,0.5017561465127949,0.07417582417582418
645,1.0,0.662771285475793,0.0,0.5103833865814695,0.6965116279069767,0.35198193677872536,0.07417582417582418
646,1.0,0.0,0.8958974358974359,0.2635782747603834,0.7340116279069768,0.4576016056196688,0.03571428571428572
647,1.0,0.0,0.0,0.5047923322683707,0.7790697674418605,0.40140491721023586,0.016483516483516484
648,1.0,0.0,0.6061538461538462,0.5862619808306708,0.660174418604651,0.4104365278474662,0.07417582417582418
649,1.0,0.528658875904285,0.0,0.8482428115015974,0.3808139534883721,0.19066733567486205,0.24450549450549453
650,1.0,0.0,0.5123076923076924,0.19408945686900947,0.5959302325581395,0.7671851480180629,0.03571428571428572
651,1.0,0.0,0.0,0.6006389776357828,0.48546511627906996,0.46914199698946324,0.03571428571428572
652,1.0,0.0,0.0,0.42492012779552724,0.20058139534883734,0.5293527345709987,0.07417582417582418
653,1.0,0.0,0.6235897435897435,0.41693290734824284,0.7424418604651164,0.4628700451580532,0.271978021978022
654,1.0,0.2609905397885365,0.0,0.03833865814696491,0.14854651162790722,1.0000000000000002,0.24725274725274726
655,1.0,0.3978853644963829,0.0,0.3690095846645367,0.3284883720930232,0.5268439538384346,0.07417582417582418
656,1.0,0.13216471897607124,0.0,0.8482428115015974,0.3808139534883721,0.0,0.4917582417582418
657,1.0,0.4641068447412355,0.0,0.6525559105431309,0.5133720930232557,0.25112895132965396,0.24450549450549453
658,1.0,0.0,0.0,0.5367412140575081,0.941860465116279,0.04766683391871562,0.07417582417582418
659,1.0,0.06677796327212021,0.40512820512820513,0.3210862619808308,0.4825581395348837,0.29603612644254906,0.15109890109890112
660,1.0,0.30884808013355597,0.44358974358974357,0.5886581469648562,0.09186046511627932,0.49272453587556453,0.07417582417582418
661,1.0,0.07234279354479689,0.6307692307692307,0.6325878594249201,0.06104651162790686,0.2634219769192172,0.005494505494505494
662,1.0,0.40066777963272127,0.5743589743589743,0.7843450479233227,0.35465116279069786,0.1605619668840943,0.07417582417582418
663,1.0,0.0,0.6061538461538462,0.5862619808306708,0.660174418604651,0.4104365278474662,0.271978021978022
664,1.0,0.47384529771841966,0.0,0.5103833865814695,0.655813953488372,0.3268941294530858,0.07417582417582418
665,1.0,0.5091819699499166,0.0,0.5686900958466454,0.7151162790697674,0.25840441545408943,0.07417582417582418
666,1.0,0.0,0.0,0.5103833865814695,0.717441860465116,0.36452584044154523,0.016483516483516484
667,1.0,0.38925987757373404,0.0,0.7324281150159744,0.27470930232558155,0.32237832413447065,0.07417582417582418
668,1.0,0.5662214802448526,0.0,0.6525559105431309,0.4779069767441859,0.09282488710486714,0.005494505494505494
669,1.0,0.47134112409571516,0.7317948717948717,0.5503194888178913,0.483720930232558,0.12418464626191672,0.07417582417582418
670,1.0,0.0,0.4851282051282051,0.6078274760383386,0.42441860465116266,0.647767185148018,0.005494505494505494
671,1.0,0.0,0.0,0.560702875399361,0.8255813953488373,0.4290015052684395,0.07417582417582418
672,1.0,0.3249860879243183,0.4666666666666667,0.549520766773163,0.42296511627906996,0.17962870045158064,0.07417582417582418
673,1.0,0.8494713411240958,0.0,0.6525559105431309,0.4720930232558138,0.09031610637230303,0.005494505494505494
674,1.0,0.06677796327212021,0.40512820512820513,0.3210862619808308,0.4825581395348837,0.29603612644254906,0.005494505494505494
675,1.0,0.3227601558152477,0.0,0.560702875399361,0.4238372093023255,0.6593075765178125,0.07417582417582418
676,1.0,0.061213132999443524,0.676923076923077,0.4488817891373802,0.06104651162790686,0.39136979427997987,0.016483516483516484
677,1.0,0.211463550361714,0.0,0.8482428115015974,0.3808139534883721,0.19066733567486205,0.4917582417582418
678,1.0,0.06677796327212021,0.40512820512820513,0.3210862619808308,0.4825581395348837,0.29603612644254906,0.07417582417582418
679,1.0,0.4095715080690039,0.0,0.5103833865814695,0.7383720930232558,0.3770697441043651,0.07417582417582418
680,1.0,0.0,0.7282051282051282,0.5686900958466454,0.0,0.46161565479177114,0.07417582417582418
681,1.0,0.0,0.0,0.6246006389776357,0.941860465116279,0.04766683391871562,0.005494505494505494
682,1.0,0.0,0.4907692307692308,0.5239616613418532,0.4531976744186048,0.6703462117410941,0.15109890109890112
683,1.0,0.5826377295492489,0.0,0.560702875399361,0.7151162790697674,0.5341194179628699,0.07417582417582418
684,1.0,0.0,0.4902564102564102,0.39696485623003186,0.4479651162790699,0.6653286502759659,0.271978021978022
685,1.0,0.35754034501947696,0.6774358974358974,0.42571884984025554,0.5953488372093023,0.38283993978926256,0.271978021978022
686,1.0,0.5258764607679466,0.0,0.34424920127795544,0.417732558139535,0.4059207225288508,0.15109890109890112
687,1.0,0.0,0.6066666666666667,0.5327476038338659,0.6610465116279074,0.4106874059207226,0.07417582417582418
688,1.0,0.0,0.45948717948717943,0.614217252396166,0.3787790697674418,0.42197691921726066,0.07417582417582418
689,1.0,0.0,0.4851282051282051,0.6078274760383386,0.42441860465116266,0.647767185148018,0.07417582417582418
690,1.0,0.0,0.0,0.3849840255591055,0.15697674418604635,0.6547917711991971,0.07417582417582418
691,1.0,0.0,0.0,0.560702875399361,0.4040697674418605,0.41144004014049185,0.24450549450549453
692,1.0,0.05564830272676684,0.48205128205128206,0.28115015974440905,0.3982558139534884,0.6297039638735573,0.016483516483516484
693,1.0,0.0,0.6025641025641025,0.4233226837060704,0.644767441860465,0.4001505268439538,0.271978021978022
694,1.0,0.0,0.0,0.560702875399361,0.5145348837209305,0.5795283492222778,0.9862637362637363
695,1.0,0.0,0.4994871794871795,0.3099041533546325,0.5026162790697675,0.706472654290015,0.271978021978022
696,1.0,0.5898720089037285,0.0,0.6525559105431309,0.49651162790697656,0.3876066231811339,0.016483516483516484
697,1.0,0.7868670005564832,0.0,0.4952076677316295,0.4119186046511629,0.16532865027596588,0.07417582417582418
698,1.0,0.5564830272676684,0.0,0.560702875399361,0.3674418604651164,0.6151530356246864,0.07417582417582418
699,1.0,0.52031163049527,0.0,0.43290734824281163,0.5494186046511627,0.489212242849975,0.07417582417582418
700,1.0,0.5589872008903729,0.0,0.1829073482428114,0.5918604651162793,0.5260913196186656,0.005494505494505494
701,1.0,0.0,0.6415384615384615,0.17172523961661357,0.8308139534883718,0.5190667335674861,0.03571428571428572
702,1.0,0.0,0.642051282051282,0.35782747603833864,0.808139534883721,0.5140491721023583,0.271978021978022
703,1.0,0.0,0.5794871794871795,0.3849840255591055,0.36046511627906996,0.474159558454591,0.07417582417582418
